[{"id":"35eb3ac3-3de6-43e5-8ce8-7276f35e072c","path":"/init.ipynb"},{"id":"3bdcd704-58cc-41ff-a8f9-447e99d4c557","path":"/notebook.ipynb"},{"id":"590998a3-a7d5-49af-aba4-f794f051e381","path":"/annaeshoo.xlsx"},{"id":"015fbfb2-c58c-494a-ac41-8421febb8ede","path":"/annaeshoo.xlsx - 4.csv"},{"id":"f251ec00-05bd-4e40-a6c9-eb3d4329984d","path":"/annaeshoo.xlsx - 4 (1).csv"},{"id":"584e6d3b-e9d0-429f-9fa1-25957a098bc1","path":"/race2010 - race2010.csv"},{"id":"56852d04-e0b4-4645-a81d-f6e1653c0f61","path":"/publictransport - publictransport.csv"}]